姓名,学号,邮箱,志愿1,志愿2,推荐人
吴刚,1120260716,1120260716@smbu.edu.cn,学术部,外联部,赵磊
孙霞思,1120260969,1120260969@smbu.edu.cn,宣传部,技术部,
谢文怡,1120260998,1120260998@smbu.edu.cn,学术部,综合行政部,李娜
黄华,1120260723,1120260723@smbu.edu.cn,技术部,外联部,黄睿
许勇梓,1120260210,1120260210@smbu.edu.cn,技术部,宣传部,张伟
朱永,1120260512,1120260512@smbu.edu.cn,技术部,技术部,
徐慧,1120260600,1120260600@smbu.edu.cn,外联部,外联部,郑昊
王华佳,1120260741,1120260741@smbu.edu.cn,宣传部,综合行政部,王强
孙超梓,1120260711,1120260711@smbu.edu.cn,综合行政部,外联部,陈静
吴涛,1120260351,1120260351@smbu.edu.cn,技术部,技术部,
宋强,1120260596,1120260596@smbu.edu.cn,学术部,综合行政部,周航
黄秀,1120260487,1120260487@smbu.edu.cn,学术部,外联部,
梁慧,1120260319,1120260319@smbu.edu.cn,技术部,外联部,林佳
周丽豪,1120260516,1120260516@smbu.edu.cn,外联部,技术部,段茗尧
马明思,1120260920,1120260920@smbu.edu.cn,外联部,,
林杰欣,1120260433,1120260433@smbu.edu.cn,外联部,外联部,孙悦
高文,1120260688,1120260688@smbu.edu.cn,外联部,宣传部,
朱平鹏,1120260615,1120260615@smbu.edu.cn,综合行政部,技术部,郑昊
李永,1120260637,1120260637@smbu.edu.cn,学术部,外联部,李娜
韩刚,1120260374,1120260374@smbu.edu.cn,宣传部,技术部,
朱刚,1120260473,1120260473@smbu.edu.cn,技术部,综合行政部,李娜
黄明,1120260283,1120260283@smbu.edu.cn,技术部,宣传部,
高文晗,1120260491,1120260491@smbu.edu.cn,技术部,,
周超欣,1120260161,1120260161@smbu.edu.cn,宣传部,技术部,王强
韩涛,1120260250,1120260250@smbu.edu.cn,学术部,技术部,李娜
,1120260974,1120260974@smbu.edu.cn,技术部,,
杨志晗,1120260283,1120260283@smbu.edu.cn,学术部,,李娜
杨桂,1120260338,1120260338@smbu.edu.cn,学术部,学术部,周航
何超悦,1120260573,1120260573@smbu.edu.cn,技术部,学术部,李娜
马玉佳,1120260466,1120260466@smbu.edu.cn,学术部,,林佳
朱霞琳,1120260763,1120260763@smbu.edu.cn,学术部,技术部,刘洋
吴霞,1120260202,1120260202@gmail.com,技术部,,
杨刚,1120260661,1120260661@smbu.edu.cn,综合行政部,学术部,
黄英,1120260543,1120260543@smbu.edu.cn,宣传部,,张伟
杨英坤,1120260810,1120260810@smbu.edu.cn,综合行政部,技术部,李娜
梁桂鹏,1120260616,1120260616@smbu.edu.cn,外联部,学术部,
陈慧,1120260330,1120260330@smbu.edu.cn,学术部,宣传部,李娜
高涛坤,1120260886,1120260886@smbu.edu.cn,综合行政部,技术部,段茗尧
郑明程,1120260100,1120260100@smbu.edu.cn,综合行政部,技术部,孙悦
黄建琳,1120260221,1120260221@smbu.edu.cn,综合行政部,技术部,林佳
杨芳,1120260858,1120260858@smbu.edu.cn,综合行政部,宣传部,林佳
唐平宁,1120260159,1120260159@smbu.edu.cn,综合行政部,宣传部,林佳
孙杰,1120260128,1120260128@smbu.edu.cn,宣传部,综合行政部,
唐明梓,1120260529,1120260529@smbu.edu.cn,综合行政部,,周航
周磊佳,1120260368,1120260368@smbu.edu.cn,宣传部,综合行政部,
马超琳,1120260618,1120260618@smbu.edu.cn,综合行政部,外联部,孙悦
何伟,1120260503,1120260503@smbu.edu.cn,宣传部,外联部,赵磊
胡华,1120260609,1120260609@smbu.edu.cn,外联部,学术部,陈静
孙霞悦,1120260780,1120260780@smbu.edu.cn,综合行政部,综合行政部,赵磊
孙桂,1120260708,1120260708@smbu.edu.cn,技术部,,陈静
张建悦,1120260656,1120260656@smbu.edu.cn,外联部,技术部,李娜
林建,1120260441,1120260441@smbu.edu.cn,,综合行政部,
刘玉,1120260434,1120260434@smbu.edu.cn,技术部,外联部,王强
梁涛豪,1120260494,1120260494@smbu.edu.cn,学术部,,郑昊
陈永欣,1120260852,1120260852@smbu.edu.cn,宣传部,学术部,陈静
胡建悦,1120260954,1120260954@smbu.edu.cn,学术部,学术部,陈静
高勇欣,1120260652,1120260652@smbu.edu.cn,综合行政部,,
黄强辰,1120260590,1120260590@smbu.edu.cn,技术部,综合行政部,郑昊
张志,1120260511,1120260511@smbu.edu.cn,学术部,学术部,郑昊
马慧,1120260241,1120260241@smbu.edu.cn,宣传部,,刘洋
高涛,1120260890,1120260890@smbu.edu.cn,宣传部,学术部,段茗尧
胡世辰,112o260123,112o260123@smbu.edu.cn,学术部,,
许文睿,1120260485,1120260485@smbu.edu.cn,学术部,外联部,孙悦
张明,1120260521,1120260521@smbu.edu.cn,学术部,外联部,
杨霞悦,1120260743,1120260743@smbu.edu.cn,技术部,,
何刚,1120260169,1120260169@smbu.edu.cn,综合行政部,,李娜
王平,1120260649,1120260649@smbu.edu.cn,技术部,宣传部,赵磊
杨娟,1120260111,1120260111@smbu.edu.cn,学术部,,
郑英,1120260778,1120260778@smbu.edu.cn,学术部,学术部,郑昊
郑军,1120260957,1120260957@smbu.edu.cn,外联部,学术部,王强
李涛,1120260219,1120260219@smbu.edu.cn,技术部,学术部,赵磊
宋秀,1120260575,1120260575@smbu.edu.cn,技术部,学术部,郑昊
林超远,1120260176,1120260176@smbu.edu.cn,技术部,学术部,张伟
韩芳梓,1120260639,1120260639@smbu.edu.cn,宣传部,,
李志思,1120260148,1120260148@smbu.edu.cn,学术部,外联部,郑昊
高慧健,1120260627,1120260627@smbu.edu.cn,学术部,技术部,
郑华,1120260645,1120260645@smbu.edu.cn,学术部,外联部,赵磊
周桂,1120260488,1120260488@smbu.edu.cn,宣传部,学术部,林佳
何世欣,1120260726,1120260726@smbu.edu.cn,宣传部,技术部,段茗尧
朱志,1120260865,1120260865@smbu.edu.cn,技术部,,
唐秀,1120260735,1120260735@smbu.edu.cn,综合行政部,综合行政部,孙悦
刘世悦,1120260315,1120260315@smbu.edu.cn,技术部,,赵磊
许磊健,1120260975,1120260975@smbu.edu.cn,综合行政部,外联部,周航
林平,1120260118,1120260118@smbu.edu.cn,综合行政部,学术部,刘洋
郑杰辰,1120260984,1120260984@smbu.edu.cn,技术部,学术部,
张娟豪,1120260953,1120260953@smbu.edu.cn,学术部,技术部,陈静
何玉欣,1120260862,1120260862@smbu.edu.cn,宣传部,外联部,郑昊
王强晗,1120260660,1120260660@smbu.edu.cn,宣传部,宣传部,黄睿
王建怡,1120260863,1120260863@SMBU.edu.cn,技术部,,
何玉,1120260238,1120260238@smbu.edu.cn,综合行政部,学术部,
吴志悦,1120260246,1120260246@smbu.edu.cn,技术部,学术部,刘洋
赵涛梓,1120260449,1120260449@smbu.edu.cn,外联部,外联部,王强
郭娟,1120260123,1120260123@smbu.edu.cn,综合行政部,,
李伟,1120260687,1120260687@smbu.edu.cn,综合行政部,外联部,林佳
韩勇思,1120260640,1120260640@smbu.edu.cn,宣传部,外联部,段茗尧
赵慧坤,1120260137,1120260137@smbu.edu.cn,综合行政部,,王强
许慧思,,someone586817@smbu.edu.cn,综合行政部,,
梁娟坤,1120260947,1120260947@smbu.edu.cn,外联部,学术部,
赵华,1120260215,1120260215@smbu.edu.cn,技术部,,王强
宋永,1120260275,1120260275@smbu.edu.cn,外联部,综合行政部,
何强,1120260859,1120260859@smbu.edu.cn,综合行政部,宣传部,赵磊
刘平,1120260653,1120260653@smbu.edu.cn,学术部,,
高慧,1120260448,1120260448@smbu.edu.cn,学术部,综合行政部,
张世,1120260260,1120260260@smbu.edu.cn,宣传部,,
高伟,1120260628,1120260628@smbu.edu.cn,学术部,,郑昊
赵明程,1120260732,1120260732@smbu.edu.cn,宣传部,,段茗尧
刘涛健,1120260399,1120260399@smbu.edu.cn,学术部,学术部,黄睿
赵慧程,112026X456,112026X456@smbu.edu.cn,技术部,,
李磊,1120260934,1120260934@smbu.edu.cn,综合行政部,学术部,林佳
何秀,1120260527,1120260527@smbu.edu.cn,,宣传部,
高秀晗,1120260625,1120260625@smbu.edu.cn,学术部,技术部,
马涛梓,1120260542,1120260542@smbu.edu.cn,外联部,,李娜
陈霞,1120260336,1120260336@smbu.edu.cn,宣传部,学术部,郑昊
郑秀怡,1120260922,1120260922@smbu.edu.cn,综合行政部,宣传部,陈静
刘勇辰,1120260655,1120260655@smbu.edu.cn,外联部,,
孙丽,1120260447,1120260447@smbu.edu.cn,综合行政部,外联部,李娜
高军,1120260532,1120260532@smbu.edu.cn,综合行政部,,刘洋
徐涛,1120260751,1120260751@smbu.edu.cn,学术部,,林佳
刘平,1120260382,1120260382@smbu.edu.cn,技术部,学术部,郑昊
何超,1120260856,1120260856@smbu.edu.cn,技术部,外联部,黄睿
李杰,1120260712,1120260712@smbu.edu.cn,综合行政部,学术部,郑昊
高勇程,1120260276,1120260276@smbu.edu.cn,学术部,,郑昊
梁芳,1120260842,1120260842@smbu.edu.cn,外联部,技术部,郑昊
刘超远,1120260372,1120260372@smbu.edu.cn,外联部,学术部,王强
朱英,1120260786,1120260786@smbu.edu.cn,综合行政部,,郑昊
胡建,1120260686,1120260686@smbu.edu.cn,外联部,综合行政部,
张磊,1120260200,1120260200@smbu.edu.cn,学术部,学术部,林佳
谢杰,1120260371,1120260371@smbu.edu.cn,学术部,技术部,孙悦
谢慧,1120260334,1120260334@smbu.edu.cn,技术部,外联部,李娜
黄玉睿,1120260222,1120260222@smbu.edu.cn,综合行政部,宣传部,张伟
孙建怡,1120260300,1120260300@smbu.edu.cn,技术部,,
谢志远,1120260748,1120260748@smbu.edu.cn,学术部,技术部,陈静
胡丽,1120260375,1120260375@smbu.edu.cn,,综合行政部,
许英,1120260709,1120260709@smbu.edu.cn,宣传部,,孙悦
胡伟,1120260591,1120260591@smbu.edu.cn,外联部,,黄睿
宋杰程,1120260401,1120260401@smbu.edu.cn,外联部,宣传部,张伟
杨强,1120260490,1120260490@smbu.edu.cn,技术部,外联部,赵磊
梁慧怡,1120260152,1120260152@smbu.edu.cn,宣传部,学术部,孙悦
郭强,1120260692,1120260692@smbu.edu.cn,外联部,外联部,林佳
何霞,1120260585,1120260585@smbu.edu.cn,技术部,综合行政部,周航
谢强,1120260312,1120260312@smbu.edu.cn,宣传部,外联部,段茗尧
杨磊琳,1120260874,1120260874@smbu.edu.cn,综合行政部,,周航
,1120260679,1120260679@smbu.edu.cn,学术部,,
张娟佳,1120260985,1120260985@smbu.edu.cn,外联部,综合行政部,张伟
周丽,1120260800,1120260800@smbu.edu.cn,宣传部,外联部,刘洋
赵明,1120260760,1120260760@smbu.edu.cn,技术部,学术部,周航
刘平健,1120260127,1120260127@smbu.edu.cn,综合行政部,宣传部,陈静
朱磊,1120260362,1120260362@smbu.edu.cn,外联部,,周航
朱超思,1120260724,1120260724@smbu.edu.cn,外联部,学术部,段茗尧
陈明坤,1120260541,1120260541@smbu.edu.cn,学术部,学术部,
许志,1120260545,1120260545@smbu.edu.cn,宣传部,学术部,
朱杰,1120260361,1120260361@smbu.edu.cn,综合行政部,宣传部,
杨丽梓,1120260153,1120260153@smbu.edu.cn,技术部,外联部,
唐桂,1120260864,1120260864@smbu.edu.cn,技术部,学术部,孙悦
徐芳,1120260122,1120260122@smbu.edu.cn,学术部,外联部,郑昊
韩明晗,1120260360,1120260360@smbu.edu.cn,综合行政部,学术部,
周世宁,1120260406,1120260406@smbu.edu.cn,宣传部,宣传部,
张永梓,1120260213,1120260213@smbu.edu.cn,技术部,外联部,周航
刘芳,1120260442,1120260442@smbu.edu.cn,宣传部,,刘洋
张勇佳,1120260308,1120260308@smbu.edu.cn,宣传部,外联部,李娜
李杰,1120260207,1120260207@smbu.edu.cn,宣传部,学术部,
唐文,1120260945,1120260945@smbu.edu.cn,技术部,宣传部,
高伟,1120260681,1120260681@smbu.edu.cn,综合行政部,综合行政部,李娜
孙慧,1120260710,1120260710@smbu.edu.cn,学术部,学术部,黄睿
马伟晗,1120260120,1120260120@smbu.edu.cn,学术部,宣传部,孙悦
何芳,1120260576,1120260576@smbu.edu.cn,学术部,宣传部,刘洋
马建,1120260186,1120260186@smbu.edu.cn,技术部,宣传部,王强
李丽怡,1120260761,1120260761@smbu.edu.cn,学术部,,赵磊
陈超,1120260988,1120260988@smbu.edu.cn,学术部,,陈静
郭军辰,1120260603,1120260603@smbu.edu.cn,宣传部,,刘洋
黄英,1120260698,1120260698@smbu.edu.cn,技术部,技术部,孙悦
宋慧辰,1120260675,1120260675@smbu.edu.cn,外联部,宣传部,李娜
杨勇,1120260580,1120260580@smbu.edu.cn,外联部,,刘洋
朱霞,1120260376,1120260376@smbu.edu.cn,学术部,技术部,
韩建,1120260528,1120260528@smbu.edu.cn,综合行政部,技术部,黄睿
梁军,1120260378,1120260378@smbu.edu.cn,宣传部,综合行政部,林佳
陈军,1120260937,1120260937@smbu.edu.cn,宣传部,学术部,
梁文,1120260101,1120260101@smbu.edu.cn,技术部,外联部,王强
许勇,1120260272,1120260272@smbu.edu.cn,技术部,,刘洋
周秀,1120260193,1120260193@smbu.edu.cn,技术部,,孙悦
梁英,1120260287,1120260287@smbu.edu.cn,外联部,技术部,王强
李丽,1120260991,1120260991@smbu.edu.cn,学术部,技术部,王强
谢杰,1120260682,1120260682@smbu.edu.cn,外联部,外联部,林佳
郑军辰,1120260280,1120260280@smbu.edu.cn,学术部,,周航
杨芳悦,1120260142,1120260142@smbu.edu.cn,宣传部,,孙悦
李桂悦,1120260676,1120260676@smbu.edu.cn,宣传部,综合行政部,林佳
韩芳,1120260977,1120260977@smbu.edu.cn,综合行政部,,林佳
韩强佳,1120260916,1120260916@smbu.edu.cn,综合行政部,技术部,林佳
杨磊,1120260407,1120260407@smbu.edu.cn,学术部,技术部,张伟
林霞睿,1120260417,1120260417@smbu.edu.cn,综合行政部,,林佳
李明,1120260513,1120260513@smbu.edu.cn,学术部,外联部,刘洋
郑涛思,1120260980,1120260980@smbu.edu.cn,宣传部,技术部,段茗尧
孙丽,1120260359,1120260359@smbu.edu.cn,外联部,宣传部,刘洋
赵刚佳,1120260826,1120260826@smbu.edu.cn,综合行政部,技术部,刘洋
韩军,1120260555,1120260555@smbu.edu.cn,综合行政部,,黄睿
朱丽辰,1120260411,1120260411@smbu.edu.cn,技术部,,周航
孙霞远,1120260203,1120260204@smbu.edu.cn,综合行政部,,
陈华,1120260606,1120260606@smbu.edu.cn,学术部,宣传部,赵磊
陈慧,1120260191,1120260191@smbu.edu.cn,综合行政部,宣传部,张伟
许慧,1120260486,1120260486@smbu.edu.cn,外联部,宣传部,
孙霞悦,1120260421,1120260421@smbu.edu.cn,学术部,,段茗尧
胡慧,1120260958,1120260958@smbu.edu.cn,学术部,综合行政部,段茗尧
吴秀程,1120260936,1120260936@smbu.edu.cn,外联部,技术部,李娜
刘永,1120260145,1120260145@smbu.edu.cn,学术部,学术部,孙悦
杨志,1120260794,1120260794@smbu.edu.cn,综合行政部,综合行政部,王强
唐霞,1120260481,1120260481@smbu.edu.cn,外联部,,段茗尧
胡永怡,1120260812,1120260812@smbu.edu.cn,宣传部,综合行政部,刘洋
林英,1120260506,1120260506@smbu.edu.cn,技术部,外联部,陈静
朱军,1120260258,1120260258@smbu.edu.cn,综合行政部,宣传部,王强
唐建睿,,someone969089@smbu.edu.cn,综合行政部,,
徐文,1120260841,1120260841@smbu.edu.cn,学术部,,刘洋
郑秀,1120260815,1120260815@smbu.edu.cn,外联部,外联部,
谢秀,1120260205,not-an-email,综合行政部,,
郑永梓,1120260199,1120260199@smbu.edu.cn,外联部,宣传部,
唐芳辰,1120260647,1120260647@smbu.edu.cn,技术部,技术部,
吴霞,1120260756,1120260756@smbu.edu.cn,综合行政部,技术部,郑昊
何平程,1120260917,1120260917@smbu.edu.cn,学术部,,郑昊
周华宁,1120260450,1120260450@smbu.edu.cn,宣传部,综合行政部,林佳
徐英,1120260807,1120260807@smbu.edu.cn,宣传部,综合行政部,张伟
林建程,1120260225,1120260225@smbu.edu.cn,技术部,宣传部,郑昊
宋华佳,1120260568,1120260568@smbu.edu.cn,技术部,外联部,陈静
林芳远,1120260452,1120260452@smbu.edu.cn,宣传部,,黄睿
刘涛辰,1120260872,1120260872@smbu.edu.cn,外联部,技术部,郑昊
宋志,1120260962,1120260962@smbu.edu.cn,外联部,外联部,周航
郑涛,1120260314,1120260314@smbu.edu.cn,外联部,综合行政部,段茗尧
郭志,1120260878,1120260878@smbu.edu.cn,学术部,,孙悦
郑磊,1120260945,1120260945@smbu.edu.cn,学术部,,李娜
李明,1120260513,1120260513@smbu.edu.cn,学术部,外联部,刘洋
林华,1120260622,1120260622@smbu.edu.cn,学术部,技术部,
许磊,1120260107,1120260107@smbu.edu.cn,外联部,宣传部,郑昊
唐强欣,1120260168,1120260168@smbu.edu.cn,技术部,综合行政部,陈静
郑霞远,1120260113,1120260113@smbu.edu.cn,外联部,外联部,赵磊
唐伟,1120260915,1120260915@smbu.edu.cn,外联部,,黄睿
马玉欣,1120260777,1120260777@smbu.edu.cn,综合行政部,综合行政部,张伟
徐玉,1120260439,1120260439@smbu.edu.cn,外联部,外联部,陈静
郑世,1120260311,1120260311@smbu.edu.cn,学术部,外联部,
何勇,1120260651,1120260651@smbu.edu.cn,综合行政部,宣传部,段茗尧
徐永鹏,1120260707,1120260707@smbu.edu.cn,综合行政部,,陈静
徐华,1120260602,1120260602@smbu.edu.cn,学术部,外联部,张伟
朱文豪,1120260691,1120260691@smbu.edu.cn,学术部,学术部,张伟
吴志,1120260822,1120260822@smbu.edu.cn,外联部,,陈静
宋娟豪,1120260201,1120260201@qq.com,学术部,,
梁伟,1120260116,1120260116@smbu.edu.cn,技术部,学术部,陈静
韩玉宁,1120260634,1120260634@smbu.edu.cn,外联部,技术部,
郑秀琳,1120260172,1120260172@smbu.edu.cn,学术部,,
赵英程,1120260257,1120260257@smbu.edu.cn,宣传部,宣传部,黄睿
梁勇怡,1120260496,1120260496@smbu.edu.cn,宣传部,,王强
杨娟睿,1120260212,1120260212@smbu.edu.cn,宣传部,技术部,段茗尧
王永思,1120260498,1120260498@smbu.edu.cn,学术部,学术部,
唐杰,1120260918,1120260918@smbu.edu.cn,技术部,,张伟
唐平,1120260838,1120260838@smbu.edu.cn,宣传部,技术部,
刘伟,1120260198,1120260198@smbu.edu.cn,外联部,,
马平,1120260662,1120260662@smbu.edu.cn,学术部,,
赵明,11202-0801,11202-0801@smbu.edu.cn,技术部,,
李文,1120260567 ,1120260567@smbu.edu.cn,宣传部,,
徐华,1120260602,1120260602@smbu.edu.cn,学术部,外联部,张伟
郭磊,1120260621,1120260621@smbu.edu.cn,宣传部,技术部,周航
胡明辰,1120260526,1120260526@smbu.edu.cn,宣传部,宣传部,张伟
张霞宁,1120260997,1120260997@smbu.edu.cn,综合行政部,学术部,陈静
梁华睿,1120260208,1120260208@smbu.edu.cn,学术部,宣传部,李娜
徐磊悦,1120260745,1120260745@smbu.edu.cn,外联部,,郑昊
孙世佳,1120260582,1120260582@smbu.edu.cn,技术部,,王强
周英鹏,1120260888,1120260888@smbu.edu.cn,综合行政部,,王强
赵刚,1120260157,1120260157@smbu.edu.cn,宣传部,学术部,林佳
林永,1120260505,1120260505@smbu.edu.cn,综合行政部,宣传部,黄睿
胡强程,1120260405,1120260405@smbu.edu.cn,技术部,,张伟
胡刚梓,1120260887,1120260887@smbu.edu.cn,学术部,学术部,李娜
马磊远,1120260930,1120260930@smbu.edu.cn,综合行政部,,王强
朱伟,11202601234,11202601234@smbu.edu.cn,技术部,,
吴明睿,1120260850,1120260850@smbu.edu.cn,学术部,宣传部,段茗尧
梁慧,1120260319,1120260319@smbu.edu.cn,技术部,外联部,林佳
韩刚坤,abc260789,abc260789@smbu.edu.cn,学术部,,
刘文,1120260811,1120260811@smbu.edu.cn,综合行政部,,刘洋
梁芳鹏,1120260204,,技术部,,
郭慧宁,1120260750,1120260750@smbu.edu.cn,综合行政部,宣传部,张伟
韩明,1120260462,1120260462@smbu.edu.cn,宣传部,技术部,王强
郭英,1120260574,1120260574@smbu.edu.cn,技术部,外联部,王强
韩芳怡,1120260720,1120260720@smbu.edu.cn,外联部,学术部,段茗尧
高文坤,1120260236,1120260236@smbu.edu.cn,宣传部,技术部,林佳
谢军,1120260758,1120260758@smbu.edu.cn,外联部,宣传部,段茗尧
唐磊坤,1120260479,1120260479@smbu.edu.cn,综合行政部,技术部,郑昊
杨杰豪,1120260259,1120260259@smbu.edu.cn,宣传部,外联部,
吴玉辰,1120260484,1120260484@smbu.edu.cn,技术部,综合行政部,王强
何丽鹏,1120260380,1120260380@smbu.edu.cn,学术部,外联部,林佳
韩世梓,1120260673,1120260673@smbu.edu.cn,学术部,综合行政部,林佳
林霞思,1120260799,1120260799@smbu.edu.cn,学术部,,张伟
杨玉,1120260818,1120260818@smbu.edu.cn,综合行政部,外联部,赵磊
吴世,1120260524,1120260524@smbu.edu.cn,学术部,,郑昊
胡平晗,1120260704,1120260704@smbu.edu.cn,综合行政部,,孙悦
马涛,1120260566,1120260566@smbu.edu.cn,综合行政部,技术部,孙悦
黄明豪,1120260291,1120260291@smbu.edu.cn,宣传部,,孙悦
朱慧晗,1120260853,1120260853@smbu.edu.cn,学术部,,张伟
高强豪,1120260623,1120260623@smbu.edu.cn,外联部,外联部,王强
张明程,1120260624,1120260624@smbu.edu.cn,技术部,综合行政部,刘洋
赵秀坤,1120260579,1120260579@smbu.edu.cn,综合行政部,综合行政部,
王秀,1120260324,1120260324@smbu.edu.cn,外联部,,赵磊
何永,1120260659,1120260659@smbu.edu.cn,综合行政部,,郑昊
陈磊,1120260702,1120260702@smbu.edu.cn,学术部,学术部,
韩丽,1120260931,1120260931@smbu.edu.cn,技术部,学术部,
孙秀佳,1120260891,1120260891@smbu.edu.cn,外联部,宣传部,李娜
胡平佳,1120260224,1120260224@smbu.edu.cn,学术部,,陈静
杨涛,1120260549,1120260549@smbu.edu.cn,外联部,学术部,
梁建,1120260672,1120260672@smbu.edu.cn,学术部,学术部,段茗尧
马建晗,1120260753,1120260753@smbu.edu.cn,学术部,,孙悦
朱文悦,1120260325,1120260325@smbu.edu.cn,学术部,学术部,张伟
何涛,1120260827,1120260827@smbu.edu.cn,宣传部,综合行政部,张伟
胡霞,1120260806,1120260806@smbu.edu.cn,技术部,宣传部,刘洋
王慧晗,1120260354,1120260354@smbu.edu.cn,宣传部,宣传部,刘洋
高明,1120260738,1120260738@smbu.edu.cn,综合行政部,技术部,段茗尧
吴永,1120260908,1120260908@smbu.edu.cn,技术部,宣传部,黄睿
高明坤,1120260610,1120260610@smbu.edu.cn,外联部,学术部,王强
赵磊,1120260632,1120260632@smbu.edu.cn,外联部,技术部,
